callsign,number,icao24,registration,typecode,origin,destination,firstseen,lastseen,day,latitude_1,longitude_1 ,altitude_1,latitude_2,longitude_2,altitude_2
IAE216,nan,155bf4,RA-89076,SU95,nan,nan,2022-02-27 20:14:25+00:00,2022-02-28 00:21:24+00:00,2022-02-28,43.17141723632812,48.7728456009266,7315.200000000001,58.14193725585938,62.0720451108871,10675.62
TUP9623,nan,14fa33,RA-64051,T204,UUWW,nan,2022-02-27 22:40:51+00:00,2022-02-28 07:10:07+00:00,2022-02-28,55.60336303710938,37.32688210227273,609.6,55.78666557699947,83.62741470336914,4648.2
LLM90,YC90,155c02,nan,nan,UUDD,nan,2022-02-27 22:55:12+00:00,2022-02-28 01:05:52+00:00,2022-02-28,55.42886507713188,37.86038485440341,304.8,64.83055114746094,61.81929931640625,10668.0
AZO627,nan,155bfd,RA-89085,SU95,nan,USPP,2022-02-27 23:02:28+00:00,2022-02-28 01:31:57+00:00,2022-02-28,44.14155578613281,46.24745923419331,10058.4,57.9254150390625,56.04250015751008,-7.62
UTA445,nan,151d55,nan,nan,UUWW,nan,2022-02-27 23:08:40+00:00,2022-02-28 00:55:59+00:00,2022-02-28,55.59906005859375,37.31935501098633,304.8,59.33271789550781,57.06243896484375,10675.62
SDM6376,nan,155c24,nan,nan,nan,UUEE,2022-02-27 23:39:39+00:00,2022-02-28 00:53:40+00:00,2022-02-28,56.85727394233315,51.35054065335181,9144.0,55.93995666503906,37.1400312943892,762.0
RWZ1637,nan,155c34,nan,nan,nan,UIII,2022-02-27 23:51:05+00:00,2022-02-28 04:58:40+00:00,2022-02-28,56.70002746582031,60.49407005310059,2438.4,52.26908538301112,104.387459891183,441.96
3630,nan,1506bc,RA-67260,DH8D,nan,UHSH,2022-02-27 23:51:24+00:00,2022-02-28 00:22:23+00:00,2022-02-28,51.5863037109375,142.7470686629012,7315.200000000001,53.512939453125,142.8941476004464,167.64
RPC9150,nan,121131,nan,nan,nan,RPUX,2022-02-28 00:06:04+00:00,2022-02-28 00:30:43+00:00,2022-02-28,14.66842392743644,121.7082294664885,2133.6,14.86807250976562,120.8552470960115,83.82000000000001
4545,nan,1506be,RA-67262,DH8D,UHBB,UHWW,2022-02-28 00:09:43+00:00,2022-02-28 02:20:12+00:00,2022-02-28,50.4630913168697,127.4016921584671,914.4,43.40512033236229,132.1697780064174,-7.62
RWZ1075,nan,155c35,nan,nan,USSK,nan,2022-02-28 00:11:04+00:00,2022-02-28 00:44:17+00:00,2022-02-28,56.65846252441406,60.77404975891113,1219.2,55.69249039989406,67.95430183410645,11277.6
LLM846,YC846,155bf9,RA-89081,SU95,ULLI,nan,2022-02-28 00:32:53+00:00,2022-02-28 02:33:56+00:00,2022-02-28,59.80316162109375,30.19683837890625,304.8,66.31434631347656,60.92971801757812,10058.4
LLM173,nan,155bef,RA-89071,SU95,UUDD,nan,2022-02-28 00:51:59+00:00,2022-02-28 03:01:44+00:00,2022-02-28,55.42337036132812,37.86914601045496,304.8,64.82934466863082,61.80896759033203,10675.62
AZO634,nan,155c06,nan,nan,nan,nan,2022-02-28 01:09:16+00:00,2022-02-28 03:55:43+00:00,2022-02-28,57.01843778965836,64.90058160597279,2743.2,43.92352605270127,46.03768484933035,10363.2
RWZ1092,nan,155c39,nan,nan,UNWW,nan,2022-02-28 01:12:37+00:00,2022-02-28 04:32:21+00:00,2022-02-28,53.89115155753443,86.82115442612591,1524.0,55.53872680664062,61.78852428089488,2301.24
4606,nan,1506bc,RA-67260,DH8D,UHSH,nan,2022-02-28 01:20:33+00:00,2022-02-28 01:47:40+00:00,2022-02-28,53.51919917737023,142.8757431927849,0.0,52.14834594726562,140.3083038330078,7315.200000000001
SDM6264,nan,155c2d,nan,nan,nan,UUEE,2022-02-28 01:48:14+00:00,2022-02-28 03:17:55+00:00,2022-02-28,54.89118673033633,53.48635586825284,10363.2,55.95229843915519,37.28802680969238,358.14
IAE476,nan,155bf3,RA-89075,SU95,nan,UUDD,2022-02-28 02:11:54+00:00,2022-02-28 06:24:19+00:00,2022-02-28,53.74676513671875,87.20264543805804,10363.2,55.28160095214844,38.03927253274357,868.6800000000001
TUP6494,nan,14fa34,RA-64052,T204,nan,UUWW,2022-02-28 02:11:57+00:00,2022-02-28 08:14:34+00:00,2022-02-28,53.48506164550781,88.10572160993304,9144.0,55.52508855270127,37.04607009887695,594.36
NWC9051,nan,151d43,nan,nan,nan,nan,2022-02-28 02:12:03+00:00,2022-02-28 04:10:06+00:00,2022-02-28,56.91050720214844,38.88808250427246,9144.0,67.39920043945312,60.37861217151988,10058.4
RPC9150,nan,121131,nan,nan,RPUX,RPUK,2022-02-28 02:15:20+00:00,2022-02-28 03:02:03+00:00,2022-02-28,14.91259041479078,120.8506393432617,0.0,13.58552577131885,121.1875835217928,2247.9
LLM349,nan,155c03,nan,nan,nan,nan,2022-02-28 02:29:52+00:00,2022-02-28 03:03:16+00:00,2022-02-28,56.03786145226429,57.57968902587891,11277.6,58.56646728515625,63.50921630859375,11277.6
AZO628,nan,155bfd,RA-89085,SU95,USPP,nan,2022-02-28 02:36:30+00:00,2022-02-28 05:06:20+00:00,2022-02-28,57.91094970703125,56.01467993951613,0.0,43.92441054521981,46.00806100027901,10972.8
SDM6506,nan,155c2a,nan,nan,nan,UUEE,2022-02-28 02:39:39+00:00,2022-02-28 04:34:09+00:00,2022-02-28,61.2187065512447,58.54044596354167,10972.8,55.9544677734375,37.30232932350852,335.28
GZP589,nan,151d28,RA-73000,B737,nan,nan,2022-02-28 03:02:56+00:00,2022-02-28 03:31:21+00:00,2022-02-28,55.42144775390625,58.63960714901194,10668.0,58.20561295848781,62.06634521484375,10668.0
SDM6228,nan,155be0,RA-89056,SU95,nan,UUEE,2022-02-28 03:16:36+00:00,2022-02-28 05:20:48+00:00,2022-02-28,55.41851806640625,61.15886912626379,3048.0,55.96738136420815,36.92805290222168,922.02
FV6248,nan,155c51,nan,nan,nan,UUEE,2022-02-28 03:19:40+00:00,2022-02-28 04:46:31+00:00,2022-02-28,55.56248474121094,51.87161532315341,2438.4,55.95448639433263,37.30244636535645,335.28
SDM6076,nan,155c16,nan,nan,nan,UUEE,2022-02-28 03:24:25+00:00,2022-02-28 04:28:23+00:00,2022-02-28,54.29811122053761,47.89656205610795,3048.0,55.93922424316406,37.08002263849431,746.76
IAE9416,nan,155bf5,RA-89077,SU95,nan,UIII,2022-02-28 03:27:08+00:00,2022-02-28 03:51:38+00:00,2022-02-28,54.30565268306409,105.2203091708097,10363.2,52.27048195014565,104.3822021484375,426.72
4544,nan,1506be,RA-67262,DH8D,UHWW,UHBB,2022-02-28 03:28:00+00:00,2022-02-28 06:08:33+00:00,2022-02-28,43.39723205566406,132.1505808275799,0.0,50.30790710449219,127.4792801706414,922.02
AFL1343,nan,155bd1,RA-89041,SU95,nan,UUEE,2022-02-28 03:45:36+00:00,2022-02-28 04:18:38+00:00,2022-02-28,57.59001159667969,39.72845077514648,4267.2,55.98874884136652,37.15456008911133,1074.42
LLM89,YC89,155c02,nan,nan,nan,UUDD,2022-02-28 04:06:30+00:00,2022-02-28 06:26:58+00:00,2022-02-28,64.13124731031515,62.82762451171875,10363.2,55.26411437988281,38.05938720703125,822.96
DXT9001,nan,150692,RA-67218,CL85,UUWW,nan,2022-02-28 04:07:26+00:00,2022-02-28 06:45:44+00:00,2022-02-28,55.60574340820312,37.32288707386363,304.8,43.05459594726562,50.72132199309593,10972.8
VDA6010,nan,152c97,RA-76951,IL76,nan,nan,2022-02-28 04:08:10+00:00,2022-02-28 04:39:52+00:00,2022-02-28,54.79352013539459,83.36334228515625,4876.8,53.08719441042108,89.5195050920759,9448.8
SDM6373,nan,155bd3,RA-89043,SU95,UUEE,ULMM,2022-02-28 04:08:16+00:00,2022-02-28 06:25:59+00:00,2022-02-28,55.98060607910156,37.47245094992898,609.6,68.66427612304688,32.96709333147322,967.74
SDM6408,nan,155c23,nan,nan,nan,UUEE,2022-02-28 04:08:58+00:00,2022-02-28 05:35:28+00:00,2022-02-28,61.53520202636719,50.46697344098772,3352.8,55.95425363314354,37.30081558227539,335.28
GZP9625,nan,142330,RA-09008,F9EX,UUMO,ULLI,2022-02-28 04:15:20+00:00,2022-02-28 05:16:14+00:00,2022-02-28,55.50665386652542,37.48638153076172,0.0,59.78522349212129,30.31715129983836,0.0
SDM6171,nan,155c24,nan,nan,UUEE,nan,2022-02-28 04:19:21+00:00,2022-02-28 05:44:20+00:00,2022-02-28,55.97943839380297,37.4590015411377,304.8,52.83101744570974,52.63353620256697,10668.0
RWZ771,nan,155c60,nan,nan,ULLI,nan,2022-02-28 04:21:35+00:00,2022-02-28 05:42:28+00:00,2022-02-28,59.80009460449219,30.2171630859375,304.8,58.68177795410156,48.01450667842742,6614.160000000001
4530,nan,1506b8,RA-67256,DH8D,nan,nan,2022-02-28 04:22:50+00:00,2022-02-28 04:55:55+00:00,2022-02-28,51.17645780918961,132.9436492919922,7315.200000000001,53.69279247219279,131.1219069536994,7315.200000000001
KZN9415,nan,1506a6,RA-67238,CL65,nan,UWKD,2022-02-28 04:34:27+00:00,2022-02-28 04:53:23+00:00,2022-02-28,54.92527770996094,52.12511848000919,6096.0,55.60166698391154,48.97430419921875,1478.28
AZO298,nan,155bf7,RA-89079,SU95,nan,UUWW,2022-02-28 04:38:22+00:00,2022-02-28 05:38:50+00:00,2022-02-28,57.71534729003906,29.41194534301758,5791.2,55.54110717773438,37.04814564098011,762.0
SSF019,nan,1506a8,RA-67240,CRJ2,nan,ULLI,2022-02-28 04:41:08+00:00,2022-02-28 05:13:56+00:00,2022-02-28,59.56559003409693,36.2084750471444,7620.0,59.78691101074219,30.30487060546875,-38.1
UTA446,nan,151d55,nan,nan,nan,UUWW,2022-02-28 04:45:34+00:00,2022-02-28 06:29:20+00:00,2022-02-28,59.55707097457627,57.02216838968211,10972.8,55.52215576171875,37.03731536865234,609.6
SDM6231,nan,155c3c,nan,nan,ULLI,UWWW,2022-02-28 04:45:47+00:00,2022-02-28 06:40:35+00:00,2022-02-28,59.80018615722656,30.2171630859375,304.8,53.4657572083554,49.72670611213235,2651.76
RWZ1076,nan,155c35,nan,nan,nan,USSS,2022-02-28 04:51:20+00:00,2022-02-28 05:45:12+00:00,2022-02-28,56.96406477588718,67.98534762474799,10668.0,56.72776561672404,61.09993227066533,1021.08
SDM6293,nan,155c1b,nan,nan,UUEE,nan,2022-02-28 04:52:58+00:00,2022-02-28 06:14:24+00:00,2022-02-28,55.9808349609375,37.47378262606534,609.6,54.69925185381356,52.52513538707386,10058.4
SDM6377,nan,155c2b,nan,nan,UUEE,nan,2022-02-28 04:56:11+00:00,2022-02-28 06:09:21+00:00,2022-02-28,55.981201171875,37.47736150568181,609.6,57.59298706054688,51.30452156066895,10462.26
IAE9415,nan,155bf5,RA-89077,SU95,UIII,nan,2022-02-28 05:01:32+00:00,2022-02-28 05:25:45+00:00,2022-02-28,52.26740950244968,104.3936593191964,304.8,54.28377313128972,105.9276788884943,10668.0
GZP9621,nan,142583,RA-09603,FA7X,UUMO,ULLI,2022-02-28 05:12:03+00:00,2022-02-28 06:14:02+00:00,2022-02-28,55.5058159262447,37.48509407043457,0.0,59.783935546875,30.325927734375,30.48
IAE343,nan,155bf4,RA-89076,SU95,nan,UWWW,2022-02-28 05:14:14+00:00,2022-02-28 06:19:24+00:00,2022-02-28,58.40093994140625,59.99261671496976,10363.2,53.50192829713983,50.44057509478401,1516.38
SSF151,D2151,155c1e,nan,nan,nan,UUEE,2022-02-28 05:25:56+00:00,2022-02-28 05:43:24+00:00,2022-02-28,57.13649426476429,37.71508985950101,5486.400000000001,55.95304327496027,37.02126502990723,792.48
LLM174,YC174,155bef,RA-89071,SU95,nan,UUDD,2022-02-28 05:33:06+00:00,2022-02-28 08:05:32+00:00,2022-02-28,64.78968216201007,61.83975219726562,10363.2,55.26690984176377,38.05680708451704,876.3000000000001
LLM845,YC845,155bf9,RA-89081,SU95,nan,ULLI,2022-02-28 05:49:14+00:00,2022-02-28 08:16:43+00:00,2022-02-28,64.82240295410156,61.75008544921875,10363.2,59.78405968617584,30.32463336813039,22.86
4605,nan,1506b4,RA-67252,DH8D,nan,UHSH,2022-02-28 05:52:35+00:00,2022-02-28 06:23:27+00:00,2022-02-28,52.15726690777277,140.3235822405134,7620.0,53.51179504394531,142.8975219726562,175.26
AZO651,nan,155c06,nan,nan,nan,nan,2022-02-28 05:54:23+00:00,2022-02-28 07:51:10+00:00,2022-02-28,43.90663146972656,46.04191269985466,10668.0,51.23336791992188,45.79546954180744,6096.0
AFL1544,SU1544,155bd1,RA-89041,SU95,UUEE,nan,2022-02-28 06:01:16+00:00,2022-02-28 06:36:18+00:00,2022-02-28,55.97877502441406,37.44906338778409,304.8,53.7508896649894,42.52654131721048,9867.9
RWZ1049,nan,155c31,nan,nan,nan,nan,2022-02-28 06:02:29+00:00,2022-02-28 06:21:57+00:00,2022-02-28,56.73385620117188,60.35545349121094,3048.0,54.68542583918167,59.41522771661931,9753.6
SDM6067,nan,155c2d,nan,nan,UUEE,nan,2022-02-28 06:06:15+00:00,2022-02-28 08:43:55+00:00,2022-02-28,55.97868347167969,37.45022860440341,304.8,43.1454053975768,48.68905203683035,7711.440000000001
SDM6415,nan,155c1a,nan,nan,UUEE,nan,2022-02-28 06:14:14+00:00,2022-02-28 07:26:38+00:00,2022-02-28,55.97804260253906,37.46113170276988,304.8,51.02502337956832,45.6427001953125,6096.0
LLM222,nan,155bf1,RA-89073,SU95,nan,USSS,2022-02-28 06:14:22+00:00,2022-02-28 06:40:29+00:00,2022-02-28,58.51702880859375,64.57683932396674,10972.8,56.76750183105469,61.12432479858398,952.5
SDM6405,nan,155bdc,RA-89052,SU95,UUEE,UUYY,2022-02-28 06:16:46+00:00,2022-02-28 07:42:49+00:00,2022-02-28,55.98981954283633,37.52706527709961,914.4,61.75593566894531,50.93663896833147,594.36
RWZ4555,nan,155c37,nan,nan,nan,nan,2022-02-28 06:27:34+00:00,2022-02-28 08:26:33+00:00,2022-02-28,56.67306673728813,60.49843080582158,2743.2,53.95875549316406,86.47166224888393,1828.8
SSF323,nan,155c1f,nan,nan,ULLI,nan,2022-02-28 06:36:07+00:00,2022-02-28 08:06:26+00:00,2022-02-28,59.80929565429688,30.24920654296875,0.0,62.95944213867188,51.31612141927084,9730.74
SDM6479,nan,155c2a,nan,nan,UUEE,ULMM,2022-02-28 06:37:40+00:00,2022-02-28 08:52:57+00:00,2022-02-28,55.98664855957031,37.50765713778409,914.4,68.66249084472656,32.97010149274553,982.98
SDM6225,nan,155c1c,nan,nan,UUEE,nan,2022-02-28 06:48:56+00:00,2022-02-28 07:13:58+00:00,2022-02-28,55.98468017578125,37.49475652521306,914.4,56.08712768554688,41.72590775923295,8221.98
AZO822,nan,155bf8,RA-89080,SU95,nan,nan,2022-02-28 06:54:41+00:00,2022-02-28 08:51:29+00:00,2022-02-28,41.34919738769531,44.42938232421875,8839.2,52.40436618610964,53.09558977399554,11277.6
SSF152,D2152,155c1e,nan,nan,UUEE,nan,2022-02-28 06:58:10+00:00,2022-02-28 07:13:57+00:00,2022-02-28,55.97959899902344,37.45913418856534,304.8,57.26779174804688,38.19276809692383,8839.2
3637,nan,1506be,RA-67262,DH8D,UHBB,nan,2022-02-28 07:01:49+00:00,2022-02-28 07:37:15+00:00,2022-02-28,50.46803283691406,127.3989787854646,914.4,49.23360016386388,131.6345696700247,7620.0
SDM6433,nan,155be1,RA-89057,SU95,UUEE,URWA,2022-02-28 07:13:59+00:00,2022-02-28 09:42:12+00:00,2022-02-28,55.97990391618114,37.46123313903809,304.8,46.28195552502648,48.02199554443359,-121.92
GZP9633,nan,142329,RA-09001,F900,UUWW,ULLI,2022-02-28 07:15:16+00:00,2022-02-28 08:14:54+00:00,2022-02-28,55.60231871524099,37.31240272521973,304.8,59.78755187988281,30.3013916015625,-60.96
LLM250,nan,155c03,nan,nan,nan,USSS,2022-02-28 07:15:41+00:00,2022-02-28 07:40:24+00:00,2022-02-28,58.57685852050781,64.60395074659779,10972.8,56.78730592889301,61.12598050025202,838.2
CPK9803,nan,14fa2c,nan,nan,UUMU,nan,2022-02-28 07:23:06+00:00,2022-02-28 08:40:29+00:00,2022-02-28,55.84574890136719,38.15019087357954,304.8,51.97650146484375,50.73020935058594,10066.02
RWZ772,nan,155c60,nan,nan,nan,ULLI,2022-02-28 07:29:05+00:00,2022-02-28 09:01:55+00:00,2022-02-28,58.8980712890625,49.08773803710938,6096.0,59.78567504882812,30.314208984375,-15.24
RWZ1072,nan,155c22,nan,nan,nan,USSK,2022-02-28 07:31:12+00:00,2022-02-28 08:09:59+00:00,2022-02-28,55.64643859863281,67.82359730113636,10972.8,56.69019796080508,61.12544890372984,952.5
SDM6172,nan,155c24,nan,nan,nan,UUEE,2022-02-28 07:35:53+00:00,2022-02-28 08:58:46+00:00,2022-02-28,52.81929016113281,52.67616271972656,10972.8,55.93093096199682,37.06538200378418,716.2800000000001
SDM6105,nan,155c3b,nan,nan,ULLI,nan,2022-02-28 07:38:25+00:00,2022-02-28 08:42:24+00:00,2022-02-28,59.80919789459745,30.24943384630927,0.0,56.64335632324219,41.79327964782715,8305.800000000001
SDM6374,nan,155bd3,RA-89043,SU95,ULMM,UUEE,2022-02-28 07:40:49+00:00,2022-02-28 09:31:46+00:00,2022-02-28,68.79713155455508,32.66647338867188,914.4,55.9500732421875,37.12446732954545,739.14
IAE343,nan,155bf4,RA-89076,SU95,nan,nan,2022-02-28 07:40:54+00:00,2022-02-28 09:25:44+00:00,2022-02-28,53.05921651549258,50.29627336774554,4572.0,44.0567585573358,46.16356985909598,10972.8
SDM6507,nan,155be4,RA-89060,SU95,UUEE,nan,2022-02-28 07:58:40+00:00,2022-02-28 10:51:18+00:00,2022-02-28,55.98167290121822,37.47960090637207,304.8,44.11499540684586,46.16912841796875,10363.2
TIS9051,nan,14232d,nan,nan,UUEE,ULLI,2022-02-28 07:59:44+00:00,2022-02-28 08:52:49+00:00,2022-02-28,55.97892631918697,37.45153427124023,304.8,59.78663635253906,30.30734252929688,-30.48
SDM6063,nan,155c51,nan,nan,UUEE,nan,2022-02-28 08:02:36+00:00,2022-02-28 09:23:59+00:00,2022-02-28,55.98404706534693,37.5018310546875,609.6,52.99869860632945,52.05047607421876,10058.4
SDM6447,nan,155c55,nan,nan,ULLI,nan,2022-02-28 08:08:43+00:00,2022-02-28 09:05:17+00:00,2022-02-28,59.81208413334216,30.22973422346444,304.8,65.0474419028072,32.04494476318359,9144.0
SDM6378,nan,155c2b,nan,nan,nan,UUEE,2022-02-28 08:10:16+00:00,2022-02-28 09:19:31+00:00,2022-02-28,56.85885671841896,51.43807688067037,9144.0,55.93311891717426,37.14014053344727,754.38
SDM6232,nan,155c3c,nan,nan,nan,ULLI,2022-02-28 08:13:11+00:00,2022-02-28 10:04:03+00:00,2022-02-28,53.44196901483051,50.00645357019761,3657.6,59.78308208918167,30.33116833917026,45.72
RA67225,nan,150699,RA-67225,GL5T,UWKD,UUWW,2022-02-28 08:26:17+00:00,2022-02-28 09:29:51+00:00,2022-02-28,55.52904549291578,49.29479598999023,1524.0,55.53374726893538,37.07714080810547,579.12
SDM6429,nan,155c23,nan,nan,UUEE,nan,2022-02-28 08:27:09+00:00,2022-02-28 09:35:53+00:00,2022-02-28,55.97946166992188,37.45855158025568,304.8,51.2368360616393,45.53680419921875,6096.0
NWC9052,nan,151d43,nan,nan,nan,UUDD,2022-02-28 08:30:05+00:00,2022-02-28 10:29:48+00:00,2022-02-28,67.05221402443061,51.75671664151278,9753.6,55.26495464777542,38.1672529740767,1043.94
4531,nan,1506b8,RA-67256,DH8D,nan,nan,2022-02-28 08:30:06+00:00,2022-02-28 08:55:53+00:00,2022-02-28,53.75005172470868,131.1316007726333,7620.0,51.494384765625,133.135145032728,7627.620000000001
GZP590,nan,151d28,RA-73000,B737,nan,nan,2022-02-28 08:30:06+00:00,2022-02-28 09:06:15+00:00,2022-02-28,58.35090249271716,64.02420043945312,10972.8,55.51441955566406,57.80997536399147,9342.12
RWZ1092,nan,155c39,nan,nan,nan,USSS,2022-02-28 08:30:30+00:00,2022-02-28 08:44:52+00:00,2022-02-28,55.52655029296875,61.42106489701704,3352.8,56.6956787109375,61.12569808959961,701.0400000000001
SSF53,nan,15069e,RA-67230,CRJ2,nan,ULMM,2022-02-28 08:38:17+00:00,2022-02-28 09:09:29+00:00,2022-02-28,66.70866394042969,35.4612400220788,8229.6,68.62060546875,33.00759887695312,1089.66
RWZ1050,nan,155c31,nan,nan,nan,USSS,2022-02-28 08:40:04+00:00,2022-02-28 09:05:29+00:00,2022-02-28,54.52743530273438,59.33311911190257,10058.4,56.73037254204184,61.11543716922883,960.12
LLM249,nan,155c03,nan,nan,nan,nan,2022-02-28 08:43:41+00:00,2022-02-28 09:06:14+00:00,2022-02-28,56.68011474609375,60.55123329162598,2438.4,58.47887459447828,63.38223266601562,10668.0
SDM6294,nan,155c1b,nan,nan,nan,UUEE,2022-02-28 08:45:06+00:00,2022-02-28 10:08:28+00:00,2022-02-28,54.85468977588718,53.29983797940341,10363.2,55.93460083007812,37.15351451526988,746.76
RWZ1135,nan,155c35,nan,nan,USSK,nan,2022-02-28 08:45:10+00:00,2022-02-28 09:11:16+00:00,2022-02-28,56.65960693359375,60.75619697570801,1524.0,53.94938840704449,62.81933952780331,10668.0
SDM6226,nan,155c1c,nan,nan,nan,UUEE,2022-02-28 08:52:30+00:00,2022-02-28 09:31:08+00:00,2022-02-28,55.91319455938824,43.32698822021484,7924.8,55.95954895019531,37.31855912642045,266.7
UVT9702,nan,15069c,RA-67228,CL64,UAFL,nan,2022-02-28 08:58:52+00:00,2022-02-28 09:21:20+00:00,2022-02-28,42.59264412572828,76.78082843159521,2438.4,42.13359250860699,74.08202415288882,10972.8
SDM6406,nan,155bdc,RA-89052,SU95,UUYY,UUEE,2022-02-28 09:07:05+00:00,2022-02-28 10:38:54+00:00,2022-02-28,61.61613464355469,50.79254150390625,304.8,55.92608952926377,37.10563659667969,662.94
AFL1545,SU1545,155bd1,RA-89041,SU95,nan,UUEE,2022-02-28 09:25:24+00:00,2022-02-28 10:03:17+00:00,2022-02-28,53.75514221191406,40.82927594866072,9144.0,55.93331909179688,37.14527476917613,739.14
RA07343,nan,141caf,nan,nan,nan,ULLI,2022-02-28 09:28:38+00:00,2022-02-28 10:11:42+00:00,2022-02-28,59.88233146020922,30.55439916150323,0.0,59.88214525125795,30.53451011920797,-38.1
SDM6416,nan,155c1a,nan,nan,nan,UUEE,2022-02-28 09:30:11+00:00,2022-02-28 10:45:41+00:00,2022-02-28,51.00361633300781,45.6356481603674,6400.8,55.95648193359375,37.29816783558238,350.52
SDM6041,nan,155c17,nan,nan,UUEE,ULLI,2022-02-28 09:34:42+00:00,2022-02-28 10:34:04+00:00,2022-02-28,55.97969055175781,37.46071555397727,304.8,59.79420807402013,30.34963673558729,30.48
SSF324,nan,155c1f,nan,nan,nan,ULLI,2022-02-28 09:38:12+00:00,2022-02-28 11:16:56+00:00,2022-02-28,63.29585266113281,51.34819617638222,10058.4,59.78694592492054,30.30559671336207,-38.1
GZP787,nan,155bba,RA-89018,SU95,UUWW,nan,2022-02-28 10:01:03+00:00,2022-02-28 11:24:20+00:00,2022-02-28,55.60350036621094,37.3158125443892,304.8,55.71841999635858,53.38909149169922,9448.8
RFF8011,nan,154c31,RA-85041,T154,nan,nan,2022-02-28 10:03:18+00:00,2022-02-28 17:12:03+00:00,2022-02-28,35.32807430978549,35.84605115525266,1828.8,46.48402404785156,47.73251417206555,1866.9
SSF52,nan,15069e,RA-67230,CRJ2,ULMM,nan,2022-02-28 10:03:18+00:00,2022-02-28 10:26:24+00:00,2022-02-28,68.79350280761719,32.63514927455357,914.4,66.67524719238281,35.57193921959919,8846.82
IAE9588,nan,155bf5,RA-89077,SU95,nan,UIII,2022-02-28 10:03:30+00:00,2022-02-28 10:26:13+00:00,2022-02-28,54.27388000488281,105.1969168526786,10363.2,52.2652587890625,104.4016265869141,487.68
AZO651,nan,155c06,nan,nan,nan,nan,2022-02-28 10:03:35+00:00,2022-02-28 10:38:53+00:00,2022-02-28,51.3665771484375,45.17982482910156,6400.8,55.33641233282574,44.44211092862216,5783.58
RWZ795,nan,155c60,nan,nan,ULLI,nan,2022-02-28 10:17:04+00:00,2022-02-28 11:45:16+00:00,2022-02-28,59.80860900878906,30.25277709960938,-304.8,58.21403891353284,49.14981079101562,10668.0
RWZ1029,WZ1029,155c22,nan,nan,nan,nan,2022-02-28 10:17:10+00:00,2022-02-28 11:16:37+00:00,2022-02-28,56.86234813625529,58.37904407132056,9448.8,56.09770202636719,45.28872403231534,5600.700000000001
SDM6480,nan,155c2a,nan,nan,ULMM,UUEE,2022-02-28 10:18:52+00:00,2022-02-28 12:08:46+00:00,2022-02-28,68.80874633789062,32.70198277064732,609.6,55.9456787109375,37.049560546875,777.24
UTA9740,nan,151d58,nan,nan,nan,nan,2022-02-28 10:19:54+00:00,2022-02-28 12:08:44+00:00,2022-02-28,55.53739929199219,81.35833740234375,10058.4,56.89372434454449,61.2456783171623,1592.58
KZN9409,nan,15069b,RA-67227,CL65,UUWW,nan,2022-02-28 10:22:16+00:00,2022-02-28 11:43:48+00:00,2022-02-28,55.60542297363281,37.32330322265625,304.8,54.53265380859375,53.48726160386029,11277.6
SDM6068,nan,155c2d,nan,nan,nan,UUEE,2022-02-28 10:22:51+00:00,2022-02-28 13:10:00+00:00,2022-02-28,43.14907836914062,48.70092347610829,7315.200000000001,55.94727079747086,37.23747253417969,541.02
SSF156,nan,1506a8,RA-67240,CRJ2,UUEE,nan,2022-02-28 10:23:50+00:00,2022-02-28 10:38:06+00:00,2022-02-28,55.99102990101959,37.53341674804688,914.4,57.1256103515625,38.28366279602051,7825.740000000001
SDM6106,nan,155c3b,nan,nan,nan,ULLI,2022-02-28 10:36:31+00:00,2022-02-28 11:43:44+00:00,2022-02-28,56.78036499023438,42.68394470214844,8839.2,59.7828958802304,30.33287311422414,45.72
SDM6434,nan,155be1,RA-89057,SU95,URWA,UUEE,2022-02-28 10:43:30+00:00,2022-02-28 13:08:14+00:00,2022-02-28,46.28443908691406,47.99082686261433,0.0,56.08804476463188,37.14700698852539,1356.36
GZP9629,nan,14232e,RA-09006,F9EX,UUMO,ULLI,2022-02-28 11:06:22+00:00,2022-02-28 12:04:36+00:00,2022-02-28,55.5084228515625,37.5171947479248,0.0,59.78531659659693,30.31610949286099,7.62
AZO757,nan,155c07,nan,nan,nan,nan,2022-02-28 11:07:14+00:00,2022-02-28 13:57:23+00:00,2022-02-28,43.60665893554688,45.72969658430233,10058.4,58.24974447993909,40.27212524414062,10363.2
AZO821,nan,155bf8,RA-89080,SU95,nan,nan,2022-02-28 11:10:10+00:00,2022-02-28 13:16:51+00:00,2022-02-28,52.29130554199219,52.97470092773438,10363.2,41.36524782342426,43.75398809259588,9730.74
GZP689,nan,151d28,RA-73000,B737,nan,nan,2022-02-28 11:14:14+00:00,2022-02-28 11:45:28+00:00,2022-02-28,55.31374139300847,58.81763805042613,10668.0,58.14743041992188,62.07461449407762,10675.62
SDM6448,nan,155c55,nan,nan,nan,ULLI,2022-02-28 11:14:37+00:00,2022-02-28 12:10:07+00:00,2022-02-28,65.07261657714844,32.8814208984375,10058.4,59.79460144042969,30.34744262695312,22.86
TUL9726,nan,150699,RA-67225,GL5T,UUWW,nan,2022-02-28 11:16:06+00:00,2022-02-28 13:47:28+00:00,2022-02-28,55.60371528237552,37.31660842895508,304.8,43.90704345703125,46.0453618958939,13106.4
TUL9734,nan,1506a1,RA-67233,CL85,OMDB,UMMS,2022-02-28 11:28:16+00:00,2022-02-28 17:43:29+00:00,2022-02-28,25.23930358886719,55.3887430826823,0.0,53.86628723144531,28.09109933035715,160.02
IAE478,nan,155bf5,RA-89077,SU95,UIII,UUDD,2022-02-28 11:36:50+00:00,2022-02-28 19:06:44+00:00,2022-02-28,52.26596638307733,104.3989955357143,304.8,55.25802612304688,38.06689991670496,1005.84
SDM6430,nan,155c23,nan,nan,nan,UUEE,2022-02-28 11:45:00+00:00,2022-02-28 13:08:24+00:00,2022-02-28,51.25117492675781,46.7931469066723,6400.8,55.95478820800781,37.30449329723011,342.9
SDM6069,nan,155c1b,nan,nan,UUEE,nan,2022-02-28 11:56:20+00:00,2022-02-28 14:45:03+00:00,2022-02-28,55.97946166992188,37.45730313387784,304.8,43.15480041503906,48.71880819631178,7688.580000000001
GZP9609,nan,151d2c,RA-73004,B737,UUMO,UUWW,2022-02-28 11:58:54+00:00,2022-02-28 12:09:21+00:00,2022-02-28,55.50617980957031,37.47578014026988,0.0,55.52508855270127,37.0447826385498,609.6
KZN9403,nan,150690,RA-67216,CL64,UUWW,nan,2022-02-28 12:01:33+00:00,2022-02-28 13:06:06+00:00,2022-02-28,55.60441589355469,37.31914173473011,304.8,55.62838796841896,48.7324333190918,1813.56
SDM6042,nan,155c0d,nan,nan,ULLI,UUEE,2022-02-28 12:01:45+00:00,2022-02-28 12:56:52+00:00,2022-02-28,59.81089782714844,30.23959350585938,0.0,55.95030212402344,37.06087979403409,845.82
SDM6064,nan,155c51,nan,nan,nan,UUEE,2022-02-28 12:09:06+00:00,2022-02-28 13:32:03+00:00,2022-02-28,52.84721374511719,52.58193969726562,10363.2,56.03677368164062,37.02875310724431,1303.02
LLM350,nan,155c03,nan,nan,nan,nan,2022-02-28 12:10:16+00:00,2022-02-28 12:49:18+00:00,2022-02-28,58.54513549804688,64.5339572045111,10363.2,55.46781921386719,57.69586736505681,10111.74
AZO652,nan,155c06,nan,nan,nan,nan,2022-02-28 12:16:30+00:00,2022-02-28 13:04:54+00:00,2022-02-28,56.05029089976165,44.3653678894043,6400.8,51.40465687897245,46.78535461425781,6705.6
JSI9162,nan,140b2a,RA-02858,E35L,nan,UUEE,2022-02-28 12:30:42+00:00,2022-02-28 15:26:37+00:00,2022-02-28,44.29193115234375,46.37832641601562,11277.6,56.07380676269531,37.14985240589488,2057.4
RA01696,nan,1406a0,nan,nan,UUBM,UUEE,2022-02-28 12:47:13+00:00,2022-02-28 13:00:28+00:00,2022-02-28,55.67200741525424,37.91982650756836,0.0,55.86080932617188,37.39796031605113,198.12
RSD992,nan,14f10b,RA-61707,A148,nan,nan,2022-02-28 12:48:22+00:00,2022-02-28 14:29:28+00:00,2022-02-28,52.31739807128906,48.92433166503906,9448.8,55.45729064941406,67.48468572443181,10073.64
SDM6335,nan,155c1c,nan,nan,UUEE,nan,2022-02-28 12:56:02+00:00,2022-02-28 13:19:17+00:00,2022-02-28,55.97957805051642,37.45745658874512,304.8,57.86283874511719,38.91791559034778,10668.0
SDM6491,nan,155c1a,nan,nan,UUEE,UWSS,2022-02-28 13:05:21+00:00,2022-02-28 14:23:24+00:00,2022-02-28,55.97895812988281,37.45089444247159,304.8,51.71432236493644,46.09283447265625,160.02
SDM6508,nan,155be4,RA-89060,SU95,nan,UUEE,2022-02-28 13:06:14+00:00,2022-02-28 15:56:15+00:00,2022-02-28,44.01416325973252,46.10785348074776,10058.4,56.0577392578125,37.05662727355957,883.9200000000001
RWZ1025,nan,155c39,nan,nan,nan,nan,2022-02-28 13:15:00+00:00,2022-02-28 13:30:55+00:00,2022-02-28,56.5975341796875,60.49106597900391,3352.8,55.59766349145922,58.07639122009277,9151.62
AZO661,nan,155bfd,RA-89085,SU95,nan,UWSS,2022-02-28 13:16:49+00:00,2022-02-28 15:18:57+00:00,2022-02-28,43.9068603515625,46.04160853794643,10668.0,51.7147413350768,46.075439453125,228.6
CPK9804,nan,14fa2c,nan,nan,nan,UUMU,2022-02-28 13:22:43+00:00,2022-02-28 14:36:44+00:00,2022-02-28,52.39738335043697,50.22894287109376,9753.6,55.83750915527344,38.15218838778409,327.66
KZN9410,nan,15069b,RA-67227,CL65,nan,UUWW,2022-02-28 13:29:02+00:00,2022-02-28 14:57:28+00:00,2022-02-28,54.90203340174788,53.66147128018466,11582.4,55.52387819451801,37.04641342163086,655.32
SSF021,nan,15069e,RA-67230,CRJ2,nan,ULLI,2022-02-28 13:32:33+00:00,2022-02-28 18:21:57+00:00,2022-02-28,66.93246459960938,34.67273214588995,6400.8,59.78615453687765,30.31052161907327,-22.86
AZO637,nan,155c5c,nan,nan,nan,ULLI,2022-02-28 13:36:10+00:00,2022-02-28 14:33:44+00:00,2022-02-28,54.78379071769068,35.88051535866477,4572.0,59.783935546875,30.32583618164062,30.48
RWZ796,nan,155c60,nan,nan,nan,ULLI,2022-02-28 13:39:30+00:00,2022-02-28 15:21:40+00:00,2022-02-28,58.09922790527344,50.90780934979839,10972.8,59.78411865234375,30.32427978515625,22.86
DXT9675,nan,140ac5,nan,nan,UUWW,ULLI,2022-02-28 13:47:53+00:00,2022-02-28 14:51:22+00:00,2022-02-28,55.60483253608315,37.32210159301758,304.8,59.78694592492054,30.30531258418642,-45.72
SDM6379,nan,155c16,nan,nan,UUEE,nan,2022-02-28 13:51:19+00:00,2022-02-28 14:58:26+00:00,2022-02-28,55.97939184156515,37.45771408081055,304.8,57.42059326171875,50.1441764831543,10668.0
TIS9052,nan,14232d,nan,nan,ULLI,nan,2022-02-28 14:06:08+00:00,2022-02-28 14:52:20+00:00,2022-02-28,59.80496164095604,30.27775205414871,-304.8,56.26252255197299,36.84874534606934,1973.58
SDM6261,nan,155be0,RA-89056,SU95,UUEE,USCC,2022-02-28 14:25:20+00:00,2022-02-28 16:28:45+00:00,2022-02-28,55.98050909527277,37.46844291687012,304.8,55.40126037597656,61.65422327378216,2400.3
SSF055,nan,155c1f,nan,nan,ULLI,nan,2022-02-28 14:36:33+00:00,2022-02-28 15:26:59+00:00,2022-02-28,59.8124565512447,30.2276506095097,0.0,65.07046508789062,33.11531982421875,10675.62
TUL9721,nan,1506a0,RA-67232,CL85,UWKD,UUWW,2022-02-28 14:37:40+00:00,2022-02-28 15:50:15+00:00,2022-02-28,55.52271438857256,49.28526878356934,1524.0,55.5704304323358,37.1678638458252,312.42
SDM6483,nan,155c27,nan,nan,UUEE,ULMM,2022-02-28 14:55:24+00:00,2022-02-28 17:02:26+00:00,2022-02-28,55.98985290527344,37.52729936079545,914.4,68.66338697530455,32.96873474121094,883.9200000000001
SDM6073,nan,155c2a,nan,nan,UUEE,nan,2022-02-28 14:56:21+00:00,2022-02-28 16:22:53+00:00,2022-02-28,55.98246428926112,37.48603820800781,609.6,52.78777041677701,52.51433454241072,10668.0
UTA381,UT381,151d6c,nan,nan,UUWW,ULLI,2022-02-28 15:09:49+00:00,2022-02-28 16:09:55+00:00,2022-02-28,55.60075378417969,37.32588334517045,304.8,59.78242492675781,30.32803344726562,-15.24
RWZ1136,nan,155c35,nan,nan,nan,USSS,2022-02-28 15:21:00+00:00,2022-02-28 15:50:23+00:00,2022-02-28,53.86326676708156,62.68346449908088,10363.2,56.72598266601562,61.12269401550293,792.48
SDM6235,nan,155bdc,RA-89052,SU95,UUEE,nan,2022-02-28 15:25:59+00:00,2022-02-28 15:51:37+00:00,2022-02-28,55.98176600569386,37.4813175201416,609.6,56.08955383300781,41.55844948508523,8046.72
DXT9676,nan,140ac5,nan,nan,ULLI,UUWW,2022-02-28 15:30:37+00:00,2022-02-28 16:38:54+00:00,2022-02-28,59.80570647676112,30.27131179283405,-304.8,55.53253691075211,37.05070495605469,601.98
RWZ1026,nan,155c39,nan,nan,nan,USSS,2022-02-28 15:43:14+00:00,2022-02-28 16:02:24+00:00,2022-02-28,56.18975830078125,58.16261985085227,9448.8,56.73687744140625,61.10818862915039,1059.18
AZO652,nan,155c06,nan,nan,nan,nan,2022-02-28 15:50:00+00:00,2022-02-28 17:21:54+00:00,2022-02-28,51.70468605170815,50.07926940917969,6705.6,43.9845560364804,46.09248570033482,10363.2
UTA375,nan,151d55,nan,nan,UUWW,UUYY,2022-02-28 15:50:31+00:00,2022-02-28 17:24:27+00:00,2022-02-28,55.60629272460938,37.32346968217329,304.8,61.51347532110699,50.53609212239584,822.96
SDM6492,nan,155c1a,nan,nan,nan,UUEE,2022-02-28 15:53:00+00:00,2022-02-28 17:03:51+00:00,2022-02-28,51.71879137976695,46.24671936035156,914.4,55.93917846679688,37.16916170987216,685.8000000000001
AZO758,nan,155c07,nan,nan,nan,nan,2022-02-28 16:39:27+00:00,2022-02-28 19:23:57+00:00,2022-02-28,58.28302001953125,40.34286006804436,10668.0,43.92393493652344,46.03967710982922,10363.2
RA02857,nan,140b29,RA-02857,E35L,ULLI,nan,2022-02-28 16:43:05+00:00,2022-02-28 18:24:50+00:00,2022-02-28,59.80787658691406,30.2578125,-304.8,55.78950526350636,48.49493980407715,2110.74
AZO662,nan,155bfd,RA-89085,SU95,nan,nan,2022-02-28 16:46:25+00:00,2022-02-28 18:43:49+00:00,2022-02-28,51.77446785619703,46.49139404296875,2438.4,43.9081638142214,46.03519984654018,10363.2
SSF158,nan,1506a8,RA-67240,CRJ2,UUEE,nan,2022-02-28 16:46:44+00:00,2022-02-28 17:01:59+00:00,2022-02-28,55.98153324450477,37.46612548828125,304.8,57.11741638183594,38.15345764160156,8237.220000000001
SDM6070,nan,155c1b,nan,nan,nan,UUEE,2022-02-28 16:49:37+00:00,2022-02-28 19:30:53+00:00,2022-02-28,43.14559936523438,48.69083138399346,7620.0,55.93501281738281,37.06687233664773,822.96
SDM6336,nan,155c1c,nan,nan,nan,UUEE,2022-02-28 16:53:47+00:00,2022-02-28 17:11:25+00:00,2022-02-28,57.13914774231991,37.71508985950101,5486.400000000001,55.93060509633209,37.14503288269043,716.2800000000001
SDM6380,nan,155c16,nan,nan,nan,UUEE,2022-02-28 17:05:46+00:00,2022-02-28 18:19:13+00:00,2022-02-28,56.82870483398438,51.34443283081055,9753.6,55.92507934570312,37.10857044566761,960.12
SSF056,nan,155c1f,nan,nan,nan,ULLI,2022-02-28 17:15:12+00:00,2022-02-28 18:08:07+00:00,2022-02-28,65.00745353052172,33.16257476806641,10668.0,59.78411865234375,30.32418823242188,22.86
SSF153,nan,155c1e,nan,nan,nan,UUEE,2022-02-28 17:33:05+00:00,2022-02-28 17:49:29+00:00,2022-02-28,57.11544799804688,37.71417617797852,5181.6,55.95762634277344,37.00511585582386,868.6800000000001
SDM6262,nan,155be0,RA-89056,SU95,nan,UUEE,2022-02-28 17:46:09+00:00,2022-02-28 19:48:36+00:00,2022-02-28,55.40890502929688,61.24684053308823,2438.4,55.94494318557997,37.11902618408203,914.4
AFL1342,SU1342,155bc1,RA-89025,SU95,UUEE,nan,2022-02-28 17:50:09+00:00,2022-02-28 18:11:18+00:00,2022-02-28,55.98838806152344,37.51672918146306,914.4,57.29310607910156,39.61669921875,3680.46
SDM6236,nan,155bdc,RA-89052,SU95,nan,UUEE,2022-02-28 17:52:01+00:00,2022-02-28 18:26:23+00:00,2022-02-28,56.01314221398304,42.69518852233887,9144.0,55.93972778320312,37.07452947443181,731.52
UTA382,nan,151d6c,nan,nan,ULLI,UUWW,2022-02-28 17:54:36+00:00,2022-02-28 18:56:27+00:00,2022-02-28,59.79240417480469,30.2332763671875,0.0,55.53263854980469,37.02767112038352,693.4200000000001
DXT9677,nan,140ae2,nan,nan,UUWW,UAAA,2022-02-28 18:06:46+00:00,2022-02-28 22:15:42+00:00,2022-02-28,55.60707092285156,37.33345725319602,304.8,43.35675255726959,77.04862322126115,617.22
RSJ9612,nan,14258a,RA-09610,AN2,UMMS,ULLI,2022-02-28 18:22:23+00:00,2022-02-28 19:30:12+00:00,2022-02-28,53.90286254882812,28.03640311104911,0.0,59.78359416379767,30.32766407933729,45.72
TUL9722,nan,1506a0,RA-67232,CL85,UUWW,nan,2022-02-28 18:23:52+00:00,2022-02-28 19:25:49+00:00,2022-02-28,55.60066223144531,37.30266224254261,304.8,55.78564142776747,48.47957611083984,2278.38
SDM6484,nan,155c27,nan,nan,ULMM,UUEE,2022-02-28 18:30:31+00:00,2022-02-28 20:19:41+00:00,2022-02-28,68.6865234375,32.77482604980469,1219.2,56.13059350999735,37.05594062805176,1424.94
SDM6074,nan,155c2a,nan,nan,nan,UUEE,2022-02-28 18:32:02+00:00,2022-02-28 19:55:12+00:00,2022-02-28,52.8745903403072,52.48671177455358,10363.2,55.93083785752118,37.14692115783691,701.0400000000001
TUL9735,nan,1506a1,RA-67233,CL85,UMMS,UWKD,2022-02-28 18:35:33+00:00,2022-02-28 20:34:04+00:00,2022-02-28,53.89682006835938,28.04558454241072,0.0,55.44786071777344,49.33360706676136,1310.64
UTA376,nan,151d55,nan,nan,nan,UUWW,2022-02-28 18:41:33+00:00,2022-02-28 20:06:11+00:00,2022-02-28,61.53904724121094,50.526123046875,1524.0,55.54463195800781,37.03865744850852,708.6600000000001
RWZ383,nan,155c6c,nan,nan,UUDD,UWSS,2022-02-28 18:44:54+00:00,2022-02-28 19:52:59+00:00,2022-02-28,55.41700744628906,37.87722419289982,304.8,51.7144775390625,46.09150654560811,152.4
RWZ1030,nan,155c22,nan,nan,nan,USSS,2022-02-28 18:47:08+00:00,2022-02-28 20:05:59+00:00,2022-02-28,56.28612453654661,44.94893074035645,7315.200000000001,56.72698974609375,61.11960411071777,1158.24
RWZ397,nan,155c38,nan,nan,UUDD,nan,2022-02-28 18:47:44+00:00,2022-02-28 19:46:53+00:00,2022-02-28,55.42644436076536,37.86521218039773,304.8,57.67694091796875,47.79181480407715,9448.8
SDM6075,nan,155c23,nan,nan,UUEE,nan,2022-02-28 18:47:50+00:00,2022-02-28 19:47:41+00:00,2022-02-28,55.98248291015625,37.48651677911931,609.6,54.38273620605469,47.65117869657629,3474.72
N870SP,nan,157efe,nan,nan,KAND,KAND,2022-02-28 18:47:53+00:00,2022-02-28 19:15:21+00:00,2022-02-28,34.5030755511785,-82.69941329956055,304.8,34.48459431276483,-82.73855209350586,335.28
IAE866,nan,155bf6,RA-89078,SU95,UWKD,nan,2022-02-28 18:52:09+00:00,2022-02-28 19:27:57+00:00,2022-02-28,55.55351257324219,49.41433993252841,1219.2,53.49650573730469,45.39252580915179,3665.22
AZO357,nan,155bf8,RA-89080,SU95,nan,URWA,2022-02-28 19:12:32+00:00,2022-02-28 20:10:04+00:00,2022-02-28,43.58206538830773,45.74111938476562,10668.0,46.28178405761719,48.0243887552401,-129.54
SSF022,nan,15069e,RA-67230,CRJ2,ULLI,nan,2022-02-28 19:29:10+00:00,2022-02-28 19:54:29+00:00,2022-02-28,59.798583984375,30.22540283203125,0.0,59.53193276615466,34.66252820245151,8229.6
RSD088,nan,14fa3a,RA-64058,T204,UMMS,UUWW,2022-02-28 19:29:43+00:00,2022-02-28 20:42:34+00:00,2022-02-28,53.89701713949947,28.04551068474264,0.0,55.50171932931674,37.05911636352539,647.7
SDM6227,nan,155bdc,RA-89052,SU95,UUEE,USCC,2022-02-28 20:09:39+00:00,2022-02-28 22:15:06+00:00,2022-02-28,55.97969055175781,37.45896772904829,304.8,55.38088989257812,61.74308328067555,2194.56
SDM6407,nan,155c1c,nan,nan,UUEE,UUYY,2022-02-28 20:19:38+00:00,2022-02-28 21:47:53+00:00,2022-02-28,55.98463439941406,37.50274658203125,609.6,61.79069389731197,50.96445719401042,891.5400000000001
SDM6375,nan,155c24,nan,nan,UUEE,nan,2022-02-28 20:28:12+00:00,2022-02-28 21:36:48+00:00,2022-02-28,55.98092651367188,37.47245094992898,609.6,57.33992754402807,50.54933609501008,10416.54
TUP8152,nan,14fa33,RA-64051,T204,nan,nan,2022-02-28 20:40:59+00:00,2022-02-28 21:14:41+00:00,2022-02-28,54.84118962692002,83.29575972123578,4876.8,53.06140447067002,89.6121826171875,10088.88
IAE608,nan,155bf6,RA-89078,SU95,nan,nan,2022-02-28 20:50:56+00:00,2022-02-28 22:50:40+00:00,2022-02-28,53.06927490234375,45.55427551269531,3352.8,43.90830347093485,46.03513445172991,10972.8
AFL1222,SU1222,155bd1,RA-89041,SU95,UUEE,nan,2022-02-28 20:53:09+00:00,2022-02-28 21:15:09+00:00,2022-02-28,55.98795745332362,37.52835273742676,914.4,56.36288917670815,40.88055610656738,8839.2
RA02793,nan,140ae9,nan,nan,UUWW,nan,2022-02-28 20:57:24+00:00,2022-02-28 23:44:07+00:00,2022-02-28,55.60390149132679,37.32038497924805,304.8,42.60731506347656,49.06506625088778,10058.4
AZO358,nan,155bf8,RA-89080,SU95,URWA,nan,2022-02-28 21:02:38+00:00,2022-02-28 21:50:42+00:00,2022-02-28,46.28105163574219,48.03256151152821,0.0,43.95508846994174,46.05645315987723,10363.2
RWZ1048,nan,155c6c,nan,nan,nan,USSS,2022-02-28 21:11:08+00:00,2022-02-28 22:43:21+00:00,2022-02-28,51.76492464744438,46.4019775390625,2438.4,56.73651123046875,61.11994743347168,1120.14
IAE344,nan,155bf4,RA-89076,SU95,nan,nan,2022-02-28 21:25:27+00:00,2022-02-28 23:08:59+00:00,2022-02-28,43.5230712890625,45.90483909429506,10058.4,52.89070129394531,50.46981811523438,3208.02
RA85041,nan,154c31,RA-85041,T154,nan,UUMU,2022-02-28 21:33:15+00:00,2022-02-28 23:35:16+00:00,2022-02-28,46.57774844412076,47.51978302001953,3962.4,55.83894374006886,38.14899444580078,320.04
AZO253,nan,155c30,nan,nan,nan,USPP,2022-02-28 21:54:30+00:00,2022-02-28 23:01:40+00:00,2022-02-28,56.70547485351562,44.97493743896484,8229.6,57.92912292480469,56.04976530997984,91.44
SDM6263,nan,155bd3,RA-89043,SU95,UUEE,nan,2022-02-28 21:58:21+00:00,2022-02-28 23:20:21+00:00,2022-02-28,55.98248291015625,37.48660000887784,609.6,54.6582858845339,52.71431662819602,10058.4
AFL1244,SU1244,155bc3,RA-89027,SU95,UUEE,nan,2022-02-28 22:05:28+00:00,2022-02-28 23:30:53+00:00,2022-02-28,55.99081420898438,37.53420743075284,914.4,52.99873352050781,52.04940795898438,10058.4
4702,nan,1506b8,RA-67256,DH8D,nan,UHBB,2022-02-28 22:07:05+00:00,2022-02-28 22:49:15+00:00,2022-02-28,49.28961181640625,131.9527024489182,7315.200000000001,50.30653381347656,127.4766781455592,792.48
RWZ1139,nan,155c31,nan,nan,USSK,nan,2022-02-28 22:30:52+00:00,2022-02-28 22:55:27+00:00,2022-02-28,56.66610717773438,60.76623916625977,1524.0,54.01858520507812,62.75155203683036,11277.6
GZP9634,nan,142329,RA-09001,F900,ULLI,UUWW,2022-02-28 22:58:16+00:00,2022-02-28 23:56:50+00:00,2022-02-28,59.7952880859375,30.25131225585938,0.0,55.55026245117188,37.04165371981534,586.74
